sensor_id,sensor_name,description,location_name,location_type,latitude,longitude,installation_date,status,direction_1,direction_2,source,last_updated_at,sensing_date,hour_of_day,direction_1_count,direction_2_count,total_count,source_record_id
1,Bourke Street Mall North,Pedestrian sensor near Bourke Street Mall,Bourke Street Mall,retail_precinct,-37.813620,144.963070,2009-03-24,active,east,west,City of Melbourne sample,2026-08-05T10:00:00+10:00,2026-08-01,8,120,135,255,sample-1-20260801-08
1,Bourke Street Mall North,Pedestrian sensor near Bourke Street Mall,Bourke Street Mall,retail_precinct,-37.813620,144.963070,2009-03-24,active,east,west,City of Melbourne sample,2026-08-05T10:00:00+10:00,2026-08-01,9,210,225,435,sample-1-20260801-09
1,Bourke Street Mall North,Pedestrian sensor near Bourke Street Mall,Bourke Street Mall,retail_precinct,-37.813620,144.963070,2009-03-24,active,east,west,City of Melbourne sample,2026-08-05T10:00:00+10:00,2026-08-01,10,330,315,645,sample-1-20260801-10
2,Flinders Street Station Underpass,Pedestrian sensor near Flinders Street Station,Flinders Street Station,transport_hub,-37.818270,144.967060,2011-05-18,active,north,south,City of Melbourne sample,2026-08-05T10:00:00+10:00,2026-08-01,8,180,170,350,sample-2-20260801-08
2,Flinders Street Station Underpass,Pedestrian sensor near Flinders Street Station,Flinders Street Station,transport_hub,-37.818270,144.967060,2011-05-18,active,north,south,City of Melbourne sample,2026-08-05T10:00:00+10:00,2026-08-01,9,260,245,505,sample-2-20260801-09
2,Flinders Street Station Underpass,Pedestrian sensor near Flinders Street Station,Flinders Street Station,transport_hub,-37.818270,144.967060,2011-05-18,active,north,south,City of Melbourne sample,2026-08-05T10:00:00+10:00,2026-08-01,10,390,365,755,sample-2-20260801-10
3,Flagstaff Gardens Edge,Pedestrian sensor near Flagstaff Gardens,Flagstaff Gardens,park_edge,-37.810070,144.955770,2014-10-09,active,north,south,City of Melbourne sample,2026-08-05T10:00:00+10:00,2026-08-01,8,45,52,97,sample-3-20260801-08
3,Flagstaff Gardens Edge,Pedestrian sensor near Flagstaff Gardens,Flagstaff Gardens,park_edge,-37.810070,144.955770,2014-10-09,active,north,south,City of Melbourne sample,2026-08-05T10:00:00+10:00,2026-08-01,9,60,58,118,sample-3-20260801-09
3,Flagstaff Gardens Edge,Pedestrian sensor near Flagstaff Gardens,Flagstaff Gardens,park_edge,-37.810070,144.955770,2014-10-09,active,north,south,City of Melbourne sample,2026-08-05T10:00:00+10:00,2026-08-01,10,72,69,141,sample-3-20260801-10
